query,candidate,score
Anthropology_N7BS08I4,Anthropology_6P6EGA7N,0.65036094
Anthropology_N7BS08I4,Anthropology_6RJ3GHQ5,0.9339335
Anthropology_N7BS08I4,Anthropology_7FHJZZGK,0.6346374
Anthropology_N7BS08I4,Anthropology_8AGN64XL,0.54155165
Anthropology_N7BS08I4,Anthropology_923TITKQ,0.6337817
Anthropology_N7BS08I4,Anthropology_BC1HY2UY,0.82467526
Anthropology_N7BS08I4,Anthropology_CIXWBVYG,0.5776197
Anthropology_N7BS08I4,Anthropology_DJWS3KK8,0.8093285
Anthropology_N7BS08I4,Anthropology_FGVRE741,0.43981454
Anthropology_N7BS08I4,Anthropology_HIB4WTXI,0.6468681
Anthropology_N7BS08I4,Anthropology_HO15RRZW,0.54215604
Anthropology_N7BS08I4,Anthropology_HOIJOTIN,0.9777632
Anthropology_N7BS08I4,Anthropology_LYUJTGE7,0.5509288
Anthropology_N7BS08I4,Anthropology_O90S1ME4,0.60732216
Anthropology_N7BS08I4,Anthropology_PH6H77Q5,0.49629152
Anthropology_N7BS08I4,Anthropology_T6T18UM0,0.7821628
Anthropology_N7BS08I4,Anthropology_THBZ5J3U,0.55416775
Anthropology_N7BS08I4,Anthropology_VS4SJ2VH,0.65988815
Anthropology_N7BS08I4,Anthropology_W02BSMEB,0.95990264
Anthropology_N7BS08I4,Anthropology_WDPPPTFE,0.7213816
Archeology_8F1CBFNO,Archeology_103DGDZV,0.6422944
Archeology_8F1CBFNO,Archeology_2I1LR3PE,0.50340545
Archeology_8F1CBFNO,Archeology_5JMSND8D,0.6571648
Archeology_8F1CBFNO,Archeology_6B9M80O2,0.9352708
Archeology_8F1CBFNO,Archeology_8I4P40MG,0.74123657
Archeology_8F1CBFNO,Archeology_AQ6L6GT6,0.5838679
Archeology_8F1CBFNO,Archeology_B9OOAEDO,0.64129823
Archeology_8F1CBFNO,Archeology_D6FLEEPZ,0.5951384
Archeology_8F1CBFNO,Archeology_FF5E8II4,0.6837615
Archeology_8F1CBFNO,Archeology_GD8AFPK0,0.67656255
Archeology_8F1CBFNO,Archeology_K1VRJNVG,0.6076951
Archeology_8F1CBFNO,Archeology_K87AU5BH,0.6404311
Archeology_8F1CBFNO,Archeology_KYAYQ3S1,0.7317034
Archeology_8F1CBFNO,Archeology_MTZX272H,0.6344932
Archeology_8F1CBFNO,Archeology_PCF07UQN,0.63192797
Archeology_8F1CBFNO,Archeology_Q9AH8RVH,0.4258345
Archeology_8F1CBFNO,Archeology_UDOCUZRE,0.62587976
Archeology_8F1CBFNO,Archeology_UN5Z3JQI,0.52278596
Archeology_8F1CBFNO,Archeology_XWNREK8P,0.7203531
Archeology_8F1CBFNO,Archeology_ZXOI65FD,0.62461245
Architecture_EPZHPCF0,Architecture_0YLTZ9AT,0.95605576
Architecture_EPZHPCF0,Architecture_22N64KFS,0.60549283
Architecture_EPZHPCF0,Architecture_3I379U26,0.63010156
Architecture_EPZHPCF0,Architecture_3UEA3GE8,0.7237105
Architecture_EPZHPCF0,Architecture_7UQNUPQZ,0.6865674
Architecture_EPZHPCF0,Architecture_A9TGIQHG,0.5407495
Architecture_EPZHPCF0,Architecture_CAVIQK29,0.76899135
Architecture_EPZHPCF0,Architecture_CWNPGW90,0.7468878
Architecture_EPZHPCF0,Architecture_E30MY5ZP,0.6373196
Architecture_EPZHPCF0,Architecture_EJ8CX9J1,0.856756
Architecture_EPZHPCF0,Architecture_EPXSK28T,0.75990677
Architecture_EPZHPCF0,Architecture_ERW6Z8VB,0.48025715
Architecture_EPZHPCF0,Architecture_FPTOMJBC,0.7867915
Architecture_EPZHPCF0,Architecture_G1OL73D9,0.85034144
Architecture_EPZHPCF0,Architecture_KL0BLV0P,0.50621104
Architecture_EPZHPCF0,Architecture_LQCG1WU1,0.5244944
Architecture_EPZHPCF0,Architecture_MQC1A78M,0.79472166
Architecture_EPZHPCF0,Architecture_NVNQ65QD,0.90428954
Architecture_EPZHPCF0,Architecture_OM3WTOOB,0.74276435
Architecture_EPZHPCF0,Architecture_UHT6T0UZ,0.7288252
Art-History_YZMEPGTH,Art-History_1TDGNNQF,0.9374958
Art-History_YZMEPGTH,Art-History_4HEZ5EDJ,0.94394207
Art-History_YZMEPGTH,Art-History_5GAS442V,0.7057967
Art-History_YZMEPGTH,Art-History_9C3FUQUH,0.65873706
Art-History_YZMEPGTH,Art-History_C1UQBFOB,0.7263284
Art-History_YZMEPGTH,Art-History_CL472RL1,0.44911265
Art-History_YZMEPGTH,Art-History_CW81XE6V,0.9706203
Art-History_YZMEPGTH,Art-History_EKA024SC,0.5585387
Art-History_YZMEPGTH,Art-History_FPH90O7Y,0.5416459
Art-History_YZMEPGTH,Art-History_G1X3J1L7,0.44222236
Art-History_YZMEPGTH,Art-History_L5NWQVRR,0.68717915
Art-History_YZMEPGTH,Art-History_LMN4R7SG,0.71412694
Art-History_YZMEPGTH,Art-History_M1H8OJRJ,0.79628736
Art-History_YZMEPGTH,Art-History_P059P452,0.70102286
Art-History_YZMEPGTH,Art-History_S2H3TZR6,0.36889064
Art-History_YZMEPGTH,Art-History_TA8IRCD9,0.89079994
Art-History_YZMEPGTH,Art-History_UPFR2P3Y,0.98382765
Art-History_YZMEPGTH,Art-History_W0VUGKV0,0.8966733
Art-History_YZMEPGTH,Art-History_W3RTQOHM,0.81220067
Art-History_YZMEPGTH,Art-History_ZPTX497W,0.5342316
Astronautics_XVIHM20A,Astronautics_0YOZV8C2,0.60065776
Astronautics_XVIHM20A,Astronautics_2F8UZC5B,0.89336705
Astronautics_XVIHM20A,Astronautics_2TA3VP8O,0.6033169
Astronautics_XVIHM20A,Astronautics_2WZMTFC8,0.78426445
Astronautics_XVIHM20A,Astronautics_34CK9XH0,0.6100015
Astronautics_XVIHM20A,Astronautics_37XB2JA7,0.6793464
Astronautics_XVIHM20A,Astronautics_7M46BH8L,0.6531065
Astronautics_XVIHM20A,Astronautics_C7JHXTXT,0.53108037
Astronautics_XVIHM20A,Astronautics_G8KSJLQF,0.55764014
Astronautics_XVIHM20A,Astronautics_I4N2EX7Z,0.6134323
Astronautics_XVIHM20A,Astronautics_IY7PGU7M,0.950148
Astronautics_XVIHM20A,Astronautics_K1DZCJD7,0.8184162
Astronautics_XVIHM20A,Astronautics_KBT9H9FM,0.9401058
Astronautics_XVIHM20A,Astronautics_NF69T7VK,0.65219545
Astronautics_XVIHM20A,Astronautics_P4VS6KFR,0.9632615
Astronautics_XVIHM20A,Astronautics_Q51250KJ,0.79147255
Astronautics_XVIHM20A,Astronautics_QPT16HDX,0.9100969
Astronautics_XVIHM20A,Astronautics_SNL5AH9W,0.66070306
Astronautics_XVIHM20A,Astronautics_T2VY4II6,0.8389956
Astronautics_XVIHM20A,Astronautics_WAR7JZ2N,0.44838515
Astronomy_M8PJA0BO,Astronomy_05DJRFCO,0.6189766
Astronomy_M8PJA0BO,Astronomy_23U0H8WN,0.6736138
Astronomy_M8PJA0BO,Astronomy_85W6UYRL,0.7311995
Astronomy_M8PJA0BO,Astronomy_8DOYWLLP,0.79275936
Astronomy_M8PJA0BO,Astronomy_8WAVAYTG,0.8733784
Astronomy_M8PJA0BO,Astronomy_B74AVMIV,0.70895463
Astronomy_M8PJA0BO,Astronomy_BRD47WOK,0.69174147
Astronomy_M8PJA0BO,Astronomy_DBJJH7XE,0.7526005
Astronomy_M8PJA0BO,Astronomy_DK1Z5BY1,0.5557413
Astronomy_M8PJA0BO,Astronomy_GVTUIK15,0.81035304
Astronomy_M8PJA0BO,Astronomy_HADOIMZX,0.69337606
Astronomy_M8PJA0BO,Astronomy_HFKTCNUJ,0.73586535
Astronomy_M8PJA0BO,Astronomy_IZED1IPS,0.7779444
Astronomy_M8PJA0BO,Astronomy_JM58TL5C,0.6515678
Astronomy_M8PJA0BO,Astronomy_LBZ299PG,0.8129969
Astronomy_M8PJA0BO,Astronomy_QEBEM2IF,0.8468963
Astronomy_M8PJA0BO,Astronomy_R2JCPS50,0.7851553
Astronomy_M8PJA0BO,Astronomy_RYI0M7P8,0.6853641
Astronomy_M8PJA0BO,Astronomy_UU2ROEMI,0.7070229
Astronomy_M8PJA0BO,Astronomy_WOLYTSIL,0.68049276
Bioinformatics_LGZCPKR8,Bioinformatics_0SBOVVPN,0.9130113
Bioinformatics_LGZCPKR8,Bioinformatics_4FXZYK42,0.93328446
Bioinformatics_LGZCPKR8,Bioinformatics_5G8KQGUY,0.7198465
Bioinformatics_LGZCPKR8,Bioinformatics_8J9LQY3T,0.47917545
Bioinformatics_LGZCPKR8,Bioinformatics_8ZKEARJ2,0.6918858
Bioinformatics_LGZCPKR8,Bioinformatics_B2Y6O6AO,0.50551605
Bioinformatics_LGZCPKR8,Bioinformatics_D7GYT2DA,0.58654493
Bioinformatics_LGZCPKR8,Bioinformatics_HONGWULA,0.80357623
Bioinformatics_LGZCPKR8,Bioinformatics_IFL9NP6F,0.96467495
Bioinformatics_LGZCPKR8,Bioinformatics_KMP1LPTS,0.60645854
Bioinformatics_LGZCPKR8,Bioinformatics_MZCAQHIU,0.9589376
Bioinformatics_LGZCPKR8,Bioinformatics_NCP2VIRU,0.4832522
Bioinformatics_LGZCPKR8,Bioinformatics_OGKKC06G,0.6027615
Bioinformatics_LGZCPKR8,Bioinformatics_P1PFDIX5,0.8434033
Bioinformatics_LGZCPKR8,Bioinformatics_P2I4RKKB,0.57736045
Bioinformatics_LGZCPKR8,Bioinformatics_QN6C3BE3,0.9099728
Bioinformatics_LGZCPKR8,Bioinformatics_SEN509HX,0.83403355
Bioinformatics_LGZCPKR8,Bioinformatics_UL2AE5EM,0.55773
Bioinformatics_LGZCPKR8,Bioinformatics_XPMFB0BA,0.60127044
Bioinformatics_LGZCPKR8,Bioinformatics_YN3OERXC,0.5537549
Biology_90O7Y22T,Biology_1H8OJRJE,0.5493704
Biology_90O7Y22T,Biology_1TDGNNQF,0.9252827
Biology_90O7Y22T,Biology_2KTBCUDS,0.8000078
Biology_90O7Y22T,Biology_44P39JYM,0.70830715
Biology_90O7Y22T,Biology_5CI6VG2G,0.65111125
Biology_90O7Y22T,Biology_70LKLFYP,0.8050506
Biology_90O7Y22T,Biology_CL472RL1,0.6808687
Biology_90O7Y22T,Biology_FOH3HJ5S,0.3837759
Biology_90O7Y22T,Biology_H3TZR685,0.75260746
Biology_90O7Y22T,Biology_J0JE4QVZ,0.7363752
Biology_90O7Y22T,Biology_MI8X76RK,0.607423
Biology_90O7Y22T,Biology_O3Q3QA3S,0.7536912
Biology_90O7Y22T,Biology_OMQIGCT2,0.55510765
Biology_90O7Y22T,Biology_T5J284WV,0.7379494
Biology_90O7Y22T,Biology_UMPYO0CU,0.69038117
Biology_90O7Y22T,Biology_UQUHZ6A8,0.7629955
Biology_90O7Y22T,Biology_W0VUGKV0,0.84353155
Biology_90O7Y22T,Biology_WT1Q3TMY,0.81590885
Biology_90O7Y22T,Biology_X52DNR9I,0.9792579
Biology_90O7Y22T,Biology_YXGO4B9U,0.75410247
Business_CW8VL34L,Business_37WI9LI1,0.5340681
Business_CW8VL34L,Business_473J6IUU,0.9696913
Business_CW8VL34L,Business_9HQQ2NS5,0.58590287
Business_CW8VL34L,Business_9MX9SEY6,0.83891994
Business_CW8VL34L,Business_9XJM6Z6C,0.519819
Business_CW8VL34L,Business_GDSY0PKU,0.60232043
Business_CW8VL34L,Business_IE3CSMCM,0.7973477
Business_CW8VL34L,Business_IEPXXYCJ,0.78173316
Business_CW8VL34L,Business_K2043NVJ,0.6153894
Business_CW8VL34L,Business_K2W2CW1R,0.5629182
Business_CW8VL34L,Business_K5635T5B,0.9436166
Business_CW8VL34L,Business_KJKVCBFC,0.63302946
Business_CW8VL34L,Business_L8SUGFUS,0.7136394
Business_CW8VL34L,Business_MIP5BX9X,0.570389
Business_CW8VL34L,Business_S8AG1IQX,0.57776475
Business_CW8VL34L,Business_SFQM9RIT,0.5708992
Business_CW8VL34L,Business_SWDVRHX1,0.6210971
Business_CW8VL34L,Business_V6685T4B,0.5243579
Business_CW8VL34L,Business_X2EI7XZU,0.48712653
Business_CW8VL34L,Business_X69GUP3H,0.48119852
Climatology_CM3G7N4Y,Climatology_3DX90XDR,0.8431585
Climatology_CM3G7N4Y,Climatology_57QDXOEA,0.9349339
Climatology_CM3G7N4Y,Climatology_61II49M5,0.7673709
Climatology_CM3G7N4Y,Climatology_97PPER1U,0.54158205
Climatology_CM3G7N4Y,Climatology_AC4JXFPK,0.7815132
Climatology_CM3G7N4Y,Climatology_CILCMG5M,0.50939906
Climatology_CM3G7N4Y,Climatology_CSB7ITAT,0.7855735
Climatology_CM3G7N4Y,Climatology_DDWJ8GI5,0.78511006
Climatology_CM3G7N4Y,Climatology_GTCYFDVW,0.5762827
Climatology_CM3G7N4Y,Climatology_JGC3WJIQ,0.5956771
Climatology_CM3G7N4Y,Climatology_K82WU9UX,0.78212404
Climatology_CM3G7N4Y,Climatology_L8WU3R9K,0.6964634
Climatology_CM3G7N4Y,Climatology_OAYDT7CU,0.91199416
Climatology_CM3G7N4Y,Climatology_PL990GW3,0.5522679
Climatology_CM3G7N4Y,Climatology_QTFZNEU4,0.85880595
Climatology_CM3G7N4Y,Climatology_SZJIVF4D,0.50499165
Climatology_CM3G7N4Y,Climatology_TEN7GGO8,0.90678394
Climatology_CM3G7N4Y,Climatology_TUKC97HQ,0.9644971
Climatology_CM3G7N4Y,Climatology_UP8NY9QX,0.6413933
Climatology_CM3G7N4Y,Climatology_WIQC529S,0.4924681
Computer-Science_JPGJQMLJ,Computer-Science_1HSPTHDP,0.77811545
Computer-Science_JPGJQMLJ,Computer-Science_2277KXXS,0.8046906
Computer-Science_JPGJQMLJ,Computer-Science_2WB0DZ6X,0.80159914
Computer-Science_JPGJQMLJ,Computer-Science_46JD2GVF,0.76610637
Computer-Science_JPGJQMLJ,Computer-Science_87CVIYJK,0.6518211
Computer-Science_JPGJQMLJ,Computer-Science_8B6PJS1A,0.8009189
Computer-Science_JPGJQMLJ,Computer-Science_EL532UUJ,0.9134759
Computer-Science_JPGJQMLJ,Computer-Science_EVG9YSQJ,0.6975894
Computer-Science_JPGJQMLJ,Computer-Science_FT9YVI7F,0.7729876
Computer-Science_JPGJQMLJ,Computer-Science_HSFKR26J,0.80802995
Computer-Science_JPGJQMLJ,Computer-Science_I42AFBQN,0.76145095
Computer-Science_JPGJQMLJ,Computer-Science_K2C0XP2S,0.7934464
Computer-Science_JPGJQMLJ,Computer-Science_KMIQD4X9,0.80795336
Computer-Science_JPGJQMLJ,Computer-Science_OBUGVJIC,0.8356712
Computer-Science_JPGJQMLJ,Computer-Science_PT4MX23S,0.77334046
Computer-Science_JPGJQMLJ,Computer-Science_SEF6Y39C,0.8363439
Computer-Science_JPGJQMLJ,Computer-Science_TRDW6ET3,0.5847112
Computer-Science_JPGJQMLJ,Computer-Science_XBXTLNV5,0.7838521
Computer-Science_JPGJQMLJ,Computer-Science_XE78669B,0.7971684
Computer-Science_JPGJQMLJ,Computer-Science_YXQBWEWP,0.7653564
Cooking_ZUIB5SQ0,Cooking_2LYWBI45,0.67228246
Cooking_ZUIB5SQ0,Cooking_40KHIDKG,0.5801878
Cooking_ZUIB5SQ0,Cooking_5MMQ7MW0,0.2506577
Cooking_ZUIB5SQ0,Cooking_7OV77G1P,0.84060967
Cooking_ZUIB5SQ0,Cooking_AT0G7RI0,0.855896
Cooking_ZUIB5SQ0,Cooking_DE4M6HY7,0.59645045
Cooking_ZUIB5SQ0,Cooking_DH02YH9Q,0.66486907
Cooking_ZUIB5SQ0,Cooking_GQO3SQ3D,0.53914917
Cooking_ZUIB5SQ0,Cooking_JULF5VLU,0.9007602
Cooking_ZUIB5SQ0,Cooking_K5FI11Z1,0.7470669
Cooking_ZUIB5SQ0,Cooking_LSG4IQ9L,0.6254113
Cooking_ZUIB5SQ0,Cooking_MXAU7MBA,0.95866686
Cooking_ZUIB5SQ0,Cooking_N4VPAAFH,0.81424534
Cooking_ZUIB5SQ0,Cooking_RFXVLHZZ,0.69399065
Cooking_ZUIB5SQ0,Cooking_SXU1HGCA,0.93290555
Cooking_ZUIB5SQ0,Cooking_V1IV5WMK,0.963789
Cooking_ZUIB5SQ0,Cooking_WOT0VXQS,0.84733546
Cooking_ZUIB5SQ0,Cooking_WTIGY6TK,0.51692903
Cooking_ZUIB5SQ0,Cooking_YZPF322F,0.63156855
Cooking_ZUIB5SQ0,Cooking_ZYCMVO84,0.9432689
Criminology_JHT51TIW,Criminology_059SC5Z5,0.5817654
Criminology_JHT51TIW,Criminology_2O6OV3IS,0.65456533
Criminology_JHT51TIW,Criminology_4H5W21BK,0.71130157
Criminology_JHT51TIW,Criminology_5OD7B1U9,0.4907382
Criminology_JHT51TIW,Criminology_5TXZTFII,0.39000478
Criminology_JHT51TIW,Criminology_6G610G3Q,0.79371667
Criminology_JHT51TIW,Criminology_F1XL11FC,0.44599378
Criminology_JHT51TIW,Criminology_G05TPN9D,0.6503418
Criminology_JHT51TIW,Criminology_GD23HGG9,0.46810168
Criminology_JHT51TIW,Criminology_GX6M52Y4,0.915621
Criminology_JHT51TIW,Criminology_J41BHKJ2,0.6729078
Criminology_JHT51TIW,Criminology_LLZCF0TU,0.6678002
Criminology_JHT51TIW,Criminology_MBN4JP18,0.7606916
Criminology_JHT51TIW,Criminology_O5QVWC9R,0.8026251
Criminology_JHT51TIW,Criminology_OJ577FS3,0.4907382
Criminology_JHT51TIW,Criminology_PMSZDVAG,0.514497
Criminology_JHT51TIW,Criminology_QVLNLFQG,0.7266922
Criminology_JHT51TIW,Criminology_TJITP71S,0.7560639
Criminology_JHT51TIW,Criminology_WKL6CEV1,0.59883946
Criminology_JHT51TIW,Criminology_X4KNSF4I,0.5714758
Culture_4QOD4K7Y,Culture_2Q4NM8R9,0.8168712
Culture_4QOD4K7Y,Culture_2YYF8IWH,0.69671845
Culture_4QOD4K7Y,Culture_4UPAQYP2,0.7146119
Culture_4QOD4K7Y,Culture_5F62D3I6,0.82122207
Culture_4QOD4K7Y,Culture_8NPF727X,0.79032207
Culture_4QOD4K7Y,Culture_BZQANEC1,0.750234
Culture_4QOD4K7Y,Culture_D96M8JKU,0.74830353
Culture_4QOD4K7Y,Culture_E4CS0LI0,0.75878596
Culture_4QOD4K7Y,Culture_FO8CL0LC,0.7562125
Culture_4QOD4K7Y,Culture_HSXOOI4J,0.72728866
Culture_4QOD4K7Y,Culture_I7N9U47Y,0.7475467
Culture_4QOD4K7Y,Culture_IA9K044M,0.80001414
Culture_4QOD4K7Y,Culture_JPCHMB2U,0.9327631
Culture_4QOD4K7Y,Culture_MLZ16UFZ,0.9235251
Culture_4QOD4K7Y,Culture_PPD7OODG,0.7911283
Culture_4QOD4K7Y,Culture_RMHVK3QL,0.7581067
Culture_4QOD4K7Y,Culture_RSH8YZWJ,0.7393783
Culture_4QOD4K7Y,Culture_SCATGVS3,0.9601164
Culture_4QOD4K7Y,Culture_V8WQ4MPR,0.8045696
Culture_4QOD4K7Y,Culture_XPDH3TKZ,0.8247937
Ecology_DPJSAVHT,Ecology_00T2RJMG,0.7207908
Ecology_DPJSAVHT,Ecology_24BVN8NN,0.87647265
Ecology_DPJSAVHT,Ecology_4XLY54IK,0.7567607
Ecology_DPJSAVHT,Ecology_58FLM639,0.766608
Ecology_DPJSAVHT,Ecology_6RDQYB9R,0.7508046
Ecology_DPJSAVHT,Ecology_87C7G23C,0.8324846
Ecology_DPJSAVHT,Ecology_94JBY7CQ,0.7282835
Ecology_DPJSAVHT,Ecology_AR0OMNEL,0.8276422
Ecology_DPJSAVHT,Ecology_C9Y7DMS2,0.8055103
Ecology_DPJSAVHT,Ecology_FQUKHFH2,0.82521194
Ecology_DPJSAVHT,Ecology_IFY7O0PJ,0.94503415
Ecology_DPJSAVHT,Ecology_K1SD7J32,0.7801094
Ecology_DPJSAVHT,Ecology_KUE98HLU,0.9078539
Ecology_DPJSAVHT,Ecology_KY9YCKVJ,0.75125253
Ecology_DPJSAVHT,Ecology_L8IZ0U2B,0.7919074
Ecology_DPJSAVHT,Ecology_NI8MIT7I,0.79679585
Ecology_DPJSAVHT,Ecology_RD3AEYRX,0.701421
Ecology_DPJSAVHT,Ecology_ROOOBWF4,0.70464325
Ecology_DPJSAVHT,Ecology_TV5ZKBWW,0.84330356
Ecology_DPJSAVHT,Ecology_U3P1ZCYU,0.66602975
Economics_XSEF6Y39,Economics_16XBXTLN,0.80239433
Economics_XSEF6Y39,Economics_2W2CW1RD,0.50554
Economics_XSEF6Y39,Economics_55X7RF1F,0.62372184
Economics_XSEF6Y39,Economics_687CVIYJ,0.4537166
Economics_XSEF6Y39,Economics_C2MU46JD,0.919895
Economics_XSEF6Y39,Economics_CYXQBWEW,0.5052226
Economics_XSEF6Y39,Economics_F6LCP227,0.6336888
Economics_XSEF6Y39,Economics_FXOBUGVJ,0.42434376
Economics_XSEF6Y39,Economics_I42AFBQN,0.84325284
Economics_XSEF6Y39,Economics_IE3CSMCM,0.6260605
Economics_XSEF6Y39,Economics_IQD4X9G7,0.8403068
Economics_XSEF6Y39,Economics_K2C0XP2S,0.9562466
Economics_XSEF6Y39,Economics_MX23SY67,0.5748892
Economics_XSEF6Y39,Economics_P03EH58B,0.44234094
Economics_XSEF6Y39,Economics_SUGFUST2,0.79694617
Economics_XSEF6Y39,Economics_SY0VDVEV,0.7409924
Economics_XSEF6Y39,Economics_TZIFT9YV,0.6623123
Economics_XSEF6Y39,Economics_VICW8VL3,0.88387215
Economics_XSEF6Y39,Economics_WP0LF7XE,0.9490336
Economics_XSEF6Y39,Economics_Z84QCMSW,0.95641094
Engineering_FIJOYJNE,Engineering_00V830DN,0.82362723
Engineering_FIJOYJNE,Engineering_3J1L7R84,0.9027526
Engineering_FIJOYJNE,Engineering_3QXKHKTG,0.75650907
Engineering_FIJOYJNE,Engineering_452BFSOZ,0.7626128
Engineering_FIJOYJNE,Engineering_81XE6VA0,0.5820482
Engineering_FIJOYJNE,Engineering_B5UL5NWQ,0.63704467
Engineering_FIJOYJNE,Engineering_BPMBJPI4,0.99232304
Engineering_FIJOYJNE,Engineering_BY4AWTY0,0.66820043
Engineering_FIJOYJNE,Engineering_DQYUN3UV,0.8249463
Engineering_FIJOYJNE,Engineering_H8LMN4R7,0.7691925
Engineering_FIJOYJNE,Engineering_K3I8BZBF,0.7132728
Engineering_FIJOYJNE,Engineering_MSOXLTA8,0.764006
Engineering_FIJOYJNE,Engineering_O5OR15BY,0.7508929
Engineering_FIJOYJNE,Engineering_Q4HEZ5ED,0.6848601
Engineering_FIJOYJNE,Engineering_QF4B8DWO,0.7477662
Engineering_FIJOYJNE,Engineering_R9A7MFP0,0.6874421
Engineering_FIJOYJNE,Engineering_RUPFR2P3,0.6858009
Engineering_FIJOYJNE,Engineering_SI5GAS44,0.6715928
Engineering_FIJOYJNE,Engineering_X497W19V,0.7089267
Engineering_FIJOYJNE,Engineering_YZMEPGTH,0.7728654
Environment_CRO8SK35,Environment_1I4EOYFG,0.77181995
Environment_CRO8SK35,Environment_2EFZ6RX3,0.49328402
Environment_CRO8SK35,Environment_3DTLHAIA,0.74669707
Environment_CRO8SK35,Environment_8N1GPTC2,0.7472164
Environment_CRO8SK35,Environment_96HHR8X8,0.9906213
Environment_CRO8SK35,Environment_BHK23A1M,0.47028002
Environment_CRO8SK35,Environment_DLO7CZE3,0.8459501
Environment_CRO8SK35,Environment_F3WE8ZN1,0.74125123
Environment_CRO8SK35,Environment_GHO6ACAP,0.8321233
Environment_CRO8SK35,Environment_IPJUPZ5J,0.47889656
Environment_CRO8SK35,Environment_IYIJE7AK,0.77860636
Environment_CRO8SK35,Environment_JLC90OUP,0.7515799
Environment_CRO8SK35,Environment_SBTN76MZ,0.6796194
Environment_CRO8SK35,Environment_SV9I5VDC,0.68715125
Environment_CRO8SK35,Environment_UF93AXMS,0.7174324
Environment_CRO8SK35,Environment_USSR6GI0,0.9474443
Environment_CRO8SK35,Environment_UZET1PDP,0.8022686
Environment_CRO8SK35,Environment_X8L4EBEA,0.5697081
Environment_CRO8SK35,Environment_YW1UIPRF,0.78328323
Environment_CRO8SK35,Environment_Z6S601ZF,0.773731
Fashion_80QMAA7H,Fashion_3B4HQEYO,0.45911717
Fashion_80QMAA7H,Fashion_3ZAQL06G,0.5593498
Fashion_80QMAA7H,Fashion_48C6WZL3,0.58668315
Fashion_80QMAA7H,Fashion_7AEF9S9W,0.9731612
Fashion_80QMAA7H,Fashion_7AYNU0XG,0.89720833
Fashion_80QMAA7H,Fashion_AANYGUXQ,0.8174727
Fashion_80QMAA7H,Fashion_DKYAFJ41,0.7945992
Fashion_80QMAA7H,Fashion_E9L4UWNR,0.612887
Fashion_80QMAA7H,Fashion_H6Q8Q2Y4,0.8455353
Fashion_80QMAA7H,Fashion_HF5A8C4X,0.7405813
Fashion_80QMAA7H,Fashion_HO2KGN6Z,0.59408283
Fashion_80QMAA7H,Fashion_LX994QTW,0.9887871
Fashion_80QMAA7H,Fashion_M7SMC67O,0.87716055
Fashion_80QMAA7H,Fashion_MPPQNOMP,0.6932581
Fashion_80QMAA7H,Fashion_QQ81XRZN,0.8249943
Fashion_80QMAA7H,Fashion_R4VXL51N,0.52602446
Fashion_80QMAA7H,Fashion_R5L6RZOI,0.9084978
Fashion_80QMAA7H,Fashion_W78AQPSF,0.7584162
Fashion_80QMAA7H,Fashion_XFCYZ7SD,0.56368244
Fashion_80QMAA7H,Fashion_XPAKFRZW,0.5112845
Financial-Markets_WJRMHC0B,Financial-Markets_3POTFCFZ,0.759915
Financial-Markets_WJRMHC0B,Financial-Markets_4PNZP9US,0.7751579
Financial-Markets_WJRMHC0B,Financial-Markets_4RCER8CL,0.67685175
Financial-Markets_WJRMHC0B,Financial-Markets_890AB7R8,0.76984733
Financial-Markets_WJRMHC0B,Financial-Markets_9N4NVTAN,0.681452
Financial-Markets_WJRMHC0B,Financial-Markets_AKF51VG7,0.7415954
Financial-Markets_WJRMHC0B,Financial-Markets_COJBQ90S,0.80223835
Financial-Markets_WJRMHC0B,Financial-Markets_EVZUBR25,0.8005153
Financial-Markets_WJRMHC0B,Financial-Markets_J3D90097,0.74004376
Financial-Markets_WJRMHC0B,Financial-Markets_JAN63XD4,0.68285197
Financial-Markets_WJRMHC0B,Financial-Markets_JPM7QWRZ,0.7039532
Financial-Markets_WJRMHC0B,Financial-Markets_L195DWY7,0.7911319
Financial-Markets_WJRMHC0B,Financial-Markets_L8D7CEDA,0.824111
Financial-Markets_WJRMHC0B,Financial-Markets_NVF2XF8M,0.7989254
Financial-Markets_WJRMHC0B,Financial-Markets_O8NDI6SO,0.7421534
Financial-Markets_WJRMHC0B,Financial-Markets_PNEGC2DP,0.8949487
Financial-Markets_WJRMHC0B,Financial-Markets_QX653G4U,0.68494874
Financial-Markets_WJRMHC0B,Financial-Markets_UPTJ7O0T,0.737651
Financial-Markets_WJRMHC0B,Financial-Markets_VQ553KWK,0.7288829
Financial-Markets_WJRMHC0B,Financial-Markets_Y8VYIF6W,0.6091531
Gardening_Z0C99AFT,Gardening_088ZFWON,0.67855746
Gardening_Z0C99AFT,Gardening_08S1A7GB,0.7172003
Gardening_Z0C99AFT,Gardening_0U9DAQM2,0.433473
Gardening_Z0C99AFT,Gardening_2HGOAVWS,0.76462376
Gardening_Z0C99AFT,Gardening_6625CSMU,0.71932036
Gardening_Z0C99AFT,Gardening_69N3VXDO,0.8784669
Gardening_Z0C99AFT,Gardening_749AHW2P,0.70223856
Gardening_Z0C99AFT,Gardening_7D9146LL,0.7652303
Gardening_Z0C99AFT,Gardening_8MMS2LEL,0.50540626
Gardening_Z0C99AFT,Gardening_C1R9QIKQ,0.8504703
Gardening_Z0C99AFT,Gardening_CUYHYQ8S,0.7954905
Gardening_Z0C99AFT,Gardening_G9O9YP6S,0.75120205
Gardening_Z0C99AFT,Gardening_I06T9U9N,0.7363792
Gardening_Z0C99AFT,Gardening_K5I0GQMM,0.7648072
Gardening_Z0C99AFT,Gardening_LQ9EOQ0Y,0.7038064
Gardening_Z0C99AFT,Gardening_N1GN81EJ,0.7883551
Gardening_Z0C99AFT,Gardening_RKSQJDSN,0.7523621
Gardening_Z0C99AFT,Gardening_T59WEU7O,0.715127
Gardening_Z0C99AFT,Gardening_U6Y0PRZV,0.7710049
Gardening_Z0C99AFT,Gardening_WIL68UHW,0.79535127
Genealogy_ZUU2ROEM,Genealogy_1Z5BY1LW,0.7676867
Genealogy_ZUU2ROEM,Genealogy_47WOKGPP,0.8163746
Genealogy_ZUU2ROEM,Genealogy_58TL5CFD,0.8525121
Genealogy_ZUU2ROEM,Genealogy_6UYRLBUO,0.44177595
Genealogy_ZUU2ROEM,Genealogy_74AVMIVL,0.5831759
Genealogy_ZUU2ROEM,Genealogy_7P8BYW48,0.8842714
Genealogy_ZUU2ROEM,Genealogy_ADOIMZXF,0.67832875
Genealogy_ZUU2ROEM,Genealogy_BEM2IFVH,0.67439353
Genealogy_ZUU2ROEM,Genealogy_IGJGK23U,0.8205234
Genealogy_ZUU2ROEM,Genealogy_JH7XEXZG,0.75372463
Genealogy_ZUU2ROEM,Genealogy_K05YW8YG,0.73798156
Genealogy_ZUU2ROEM,Genealogy_K15UL9WO,0.5947542
Genealogy_ZUU2ROEM,Genealogy_LBZ299PG,0.37374413
Genealogy_ZUU2ROEM,Genealogy_N2T3QHFK,0.38682997
Genealogy_ZUU2ROEM,Genealogy_NUJFPWZ6,0.7373702
Genealogy_ZUU2ROEM,Genealogy_OG5JVEPW,0.45696554
Genealogy_ZUU2ROEM,Genealogy_R2JCPS50,0.5951426
Genealogy_ZUU2ROEM,Genealogy_TSILAZCL,0.26907855
Genealogy_ZUU2ROEM,Genealogy_V2AQNPEW,0.81829596
Genealogy_ZUU2ROEM,Genealogy_WLLPUWBW,0.5278708
Genetics_0HICCT5H,Genetics_0RCXN22P,0.6719461
Genetics_0HICCT5H,Genetics_1UQXJ4EF,0.56314766
Genetics_0HICCT5H,Genetics_1Z0SHZBU,0.7227478
Genetics_0HICCT5H,Genetics_26OC7T3B,0.6409389
Genetics_0HICCT5H,Genetics_69WEZC1B,0.40055993
Genetics_0HICCT5H,Genetics_7FZTVOVK,0.548038
Genetics_0HICCT5H,Genetics_8QLHBIAW,0.76341254
Genetics_0HICCT5H,Genetics_9UY7S361,0.7394129
Genetics_0HICCT5H,Genetics_9XHRO199,0.66345054
Genetics_0HICCT5H,Genetics_DSTWG6NJ,0.4539106
Genetics_0HICCT5H,Genetics_G52EFUJE,0.5742142
Genetics_0HICCT5H,Genetics_GP8IY3X8,0.97593343
Genetics_0HICCT5H,Genetics_HS57TCOZ,0.1812173
Genetics_0HICCT5H,Genetics_JZEJBF7N,0.55428797
Genetics_0HICCT5H,Genetics_N12O0V3Z,0.91027653
Genetics_0HICCT5H,Genetics_NE9NNOVJ,0.13689363
Genetics_0HICCT5H,Genetics_NIQSUHA5,0.7205667
Genetics_0HICCT5H,Genetics_WDZRMH3F,0.72604924
Genetics_0HICCT5H,Genetics_XI9D99VH,0.51399326
Genetics_0HICCT5H,Genetics_XTUFDJKD,0.7590578
Geology_ZL2WTVM8,Geology_08XCC4XH,0.83078516
Geology_ZL2WTVM8,Geology_192YWOL1,0.7293565
Geology_ZL2WTVM8,Geology_4OOJQXZL,0.59441984
Geology_ZL2WTVM8,Geology_51IFI031,0.7119607
Geology_ZL2WTVM8,Geology_AJJ28SY2,0.62185913
Geology_ZL2WTVM8,Geology_BS5FI6ER,0.7166691
Geology_ZL2WTVM8,Geology_DA9WHSBP,0.5673388
Geology_ZL2WTVM8,Geology_DV8A4364,0.96969193
Geology_ZL2WTVM8,Geology_F3IF3G3T,0.80125356
Geology_ZL2WTVM8,Geology_J7R37F7F,0.6948806
Geology_ZL2WTVM8,Geology_P9K4YEVN,0.9824858
Geology_ZL2WTVM8,Geology_RQAHLJ2X,0.6831653
Geology_ZL2WTVM8,Geology_SWI6GZGU,0.67029667
Geology_ZL2WTVM8,Geology_T1WFA6ZI,0.7832432
Geology_ZL2WTVM8,Geology_TZEGYU5D,0.6942624
Geology_ZL2WTVM8,Geology_U35BE4HW,0.5300369
Geology_ZL2WTVM8,Geology_UYZY18NL,0.48214838
Geology_ZL2WTVM8,Geology_V8PLE5H3,0.58774185
Geology_ZL2WTVM8,Geology_WSSKCTQD,0.5338743
Geology_ZL2WTVM8,Geology_YX0JSIIA,0.7354766
Geomancy_MPP566YH,Geomancy_0OA3Y31G,0.769572
Geomancy_MPP566YH,Geomancy_37VMGGAE,0.63818765
Geomancy_MPP566YH,Geomancy_4AAL095Z,0.7990782
Geomancy_MPP566YH,Geomancy_6NJX8KP8,0.86332935
Geomancy_MPP566YH,Geomancy_6SCK8ETF,0.73044425
Geomancy_MPP566YH,Geomancy_B8Q93A1D,0.76161945
Geomancy_MPP566YH,Geomancy_BO1EPMKV,0.59222007
Geomancy_MPP566YH,Geomancy_BR9GP9IT,0.5731301
Geomancy_MPP566YH,Geomancy_D1WMMMEV,0.65910786
Geomancy_MPP566YH,Geomancy_DIT16WT8,0.38937277
Geomancy_MPP566YH,Geomancy_DT1EGD9D,0.40991592
Geomancy_MPP566YH,Geomancy_I6QW042L,0.72785103
Geomancy_MPP566YH,Geomancy_LEIEIQO7,0.6851517
Geomancy_MPP566YH,Geomancy_MZHR65K9,0.9758717
Geomancy_MPP566YH,Geomancy_RDU390E4,0.73932874
Geomancy_MPP566YH,Geomancy_RPUVN3VB,0.70442784
Geomancy_MPP566YH,Geomancy_SKAD4RQY,0.7141339
Geomancy_MPP566YH,Geomancy_TOO5XCR5,0.40991592
Geomancy_MPP566YH,Geomancy_VQPG4PVD,0.72245413
Geomancy_MPP566YH,Geomancy_VSXA7JDP,0.63913816
Geophysics_C5OAOO3N,Geophysics_0N229BXI,0.8345438
Geophysics_C5OAOO3N,Geophysics_1PCM8SJU,0.53797525
Geophysics_C5OAOO3N,Geophysics_4O7933VF,0.62775105
Geophysics_C5OAOO3N,Geophysics_5NF4EK6Y,0.53734916
Geophysics_C5OAOO3N,Geophysics_5URYBL2O,0.5626286
Geophysics_C5OAOO3N,Geophysics_73LUX745,0.8338202
Geophysics_C5OAOO3N,Geophysics_7E3DX7AK,0.692265
Geophysics_C5OAOO3N,Geophysics_8MVMVQTR,0.6710072
Geophysics_C5OAOO3N,Geophysics_A5WVO01Z,0.53824985
Geophysics_C5OAOO3N,Geophysics_CNOM2PZN,0.5928943
Geophysics_C5OAOO3N,Geophysics_FS3WTZL0,0.5307162
Geophysics_C5OAOO3N,Geophysics_I804EYNI,0.55990314
Geophysics_C5OAOO3N,Geophysics_K71EHJIM,0.6223751
Geophysics_C5OAOO3N,Geophysics_KXQ9FIFS,0.7439828
Geophysics_C5OAOO3N,Geophysics_LC5BLMEY,0.61468935
Geophysics_C5OAOO3N,Geophysics_LMBLQGBI,0.77503806
Geophysics_C5OAOO3N,Geophysics_P4VYNZLA,0.69306296
Geophysics_C5OAOO3N,Geophysics_S2MXCBMM,0.56773436
Geophysics_C5OAOO3N,Geophysics_TM63RMAJ,0.7666182
Geophysics_C5OAOO3N,Geophysics_ZYNZE8YM,0.601393
Horticulture_FAALFS04,Horticulture_0MYOE45D,0.71917665
Horticulture_FAALFS04,Horticulture_3CGD8LKB,0.73869944
Horticulture_FAALFS04,Horticulture_3LYXI3MW,0.7504319
Horticulture_FAALFS04,Horticulture_45LKCDXS,0.7335702
Horticulture_FAALFS04,Horticulture_5PF9A0NI,0.9583808
Horticulture_FAALFS04,Horticulture_67H488S2,0.738541
Horticulture_FAALFS04,Horticulture_8H4NOUWR,0.7214087
Horticulture_FAALFS04,Horticulture_8NFVD6XD,0.64486957
Horticulture_FAALFS04,Horticulture_A1PPU1OJ,0.79382825
Horticulture_FAALFS04,Horticulture_B4TK3B33,0.6929703
Horticulture_FAALFS04,Horticulture_CC46C17Z,0.79464364
Horticulture_FAALFS04,Horticulture_CXXL9E9N,0.71555316
Horticulture_FAALFS04,Horticulture_DRIH330K,0.69089913
Horticulture_FAALFS04,Horticulture_INJR720P,0.6791923
Horticulture_FAALFS04,Horticulture_KK9OF075,0.634116
Horticulture_FAALFS04,Horticulture_L5FTW0A9,0.638837
Horticulture_FAALFS04,Horticulture_M3FFZLSE,0.74578905
Horticulture_FAALFS04,Horticulture_P2U0MUOH,0.6818441
Horticulture_FAALFS04,Horticulture_X3AEYV7C,0.7151916
Horticulture_FAALFS04,Horticulture_X86O3NRD,0.7451867
International-Relations_YFSPEFRJ,International-Relations_13OZLL1Z,0.52577424
International-Relations_YFSPEFRJ,International-Relations_1YANNREG,0.678975
International-Relations_YFSPEFRJ,International-Relations_4EXQP5M3,0.72165555
International-Relations_YFSPEFRJ,International-Relations_60GBFW9F,0.7419499
International-Relations_YFSPEFRJ,International-Relations_8FGPWKCZ,0.77650476
International-Relations_YFSPEFRJ,International-Relations_E05ITPQJ,0.8269229
International-Relations_YFSPEFRJ,International-Relations_E24Z8608,0.61048746
International-Relations_YFSPEFRJ,International-Relations_ETCHBVGK,0.6914748
International-Relations_YFSPEFRJ,International-Relations_GAGQO679,0.5989914
International-Relations_YFSPEFRJ,International-Relations_KIRTR5JE,0.52039176
International-Relations_YFSPEFRJ,International-Relations_M3HQ57UY,0.3101834
International-Relations_YFSPEFRJ,International-Relations_ULZUS5PU,0.835561
International-Relations_YFSPEFRJ,International-Relations_W3LTFIUH,0.73691654
International-Relations_YFSPEFRJ,International-Relations_WTV3N74W,0.498321
International-Relations_YFSPEFRJ,International-Relations_XHM8L9B3,0.70704305
International-Relations_YFSPEFRJ,International-Relations_XJ6Y0IY1,0.597985
International-Relations_YFSPEFRJ,International-Relations_XZ36JWB4,0.7594562
International-Relations_YFSPEFRJ,International-Relations_YAS0YF9P,0.8177092
International-Relations_YFSPEFRJ,International-Relations_YJYUXGFA,0.90335864
International-Relations_YFSPEFRJ,International-Relations_YV2V1ITU,0.69434035
Language_LIOGRP91,Language_2FYS3JKV,0.8770776
Language_LIOGRP91,Language_2R5MUBJD,0.86775297
Language_LIOGRP91,Language_4TA1SOA9,0.7393967
Language_LIOGRP91,Language_8R92I8L3,0.88113743
Language_LIOGRP91,Language_8U5TQ9DZ,0.67841876
Language_LIOGRP91,Language_AA7IWS48,0.84150094
Language_LIOGRP91,Language_DBZ7FGQJ,0.90152323
Language_LIOGRP91,Language_E84LMQYA,0.74080884
Language_LIOGRP91,Language_PQFNKZGG,0.69796014
Language_LIOGRP91,Language_Q4G2VQXX,0.83334064
Language_LIOGRP91,Language_RS8R0MEL,0.75140053
Language_LIOGRP91,Language_SRI2AOFJ,0.73664117
Language_LIOGRP91,Language_T5X3CVFJ,0.7110273
Language_LIOGRP91,Language_TOPS2II7,0.6068777
Language_LIOGRP91,Language_TW48OF2T,0.63984406
Language_LIOGRP91,Language_WB0HWM8L,0.5927458
Language_LIOGRP91,Language_YMJJ4AL0,0.98345107
Language_LIOGRP91,Language_ZEFKVOUU,0.7399969
Language_LIOGRP91,Language_ZPKYYOQF,0.9152226
Language_LIOGRP91,Language_ZR2X720K,0.713494
Law_J0N064DI,Law_0948NPF7,0.78088164
Law_J0N064DI,Law_4NM8R9RI,0.92690134
Law_J0N064DI,Law_63RMHVK3,0.5864262
Law_J0N064DI,Law_7N9U47YU,0.8308139
Law_J0N064DI,Law_ATGVS387,0.92509
Law_J0N064DI,Law_BZQANEC1,0.62832046
Law_J0N064DI,Law_D3I603D9,0.8152137
Law_J0N064DI,Law_EHD96M8J,0.57820946
Law_J0N064DI,Law_IWHL8Z7I,0.44580248
Law_J0N064DI,Law_K044MSUS,0.9420068
Law_J0N064DI,Law_LI4UPAQY,0.6099577
Law_J0N064DI,Law_O8CL0LCZ,0.6386726
Law_J0N064DI,Law_OODG0V4G,0.46853063
Law_J0N064DI,Law_S0LI0XY2,0.8777317
Law_J0N064DI,Law_SN5U4W9R,0.80177927
Law_J0N064DI,Law_TAQXPDH3,0.896464
Law_J0N064DI,Law_THSXOOI4,0.51003885
Law_J0N064DI,Law_V8WQ4MPR,0.62553823
Law_J0N064DI,Law_VSMLZ16U,0.983752
Law_J0N064DI,Law_YZWJSCSF,0.6014439
Literature_FYGWWQC3,Literature_03DGDZVG,0.6466684
Literature_FYGWWQC3,Literature_467KD6FL,0.6434207
Literature_FYGWWQC3,Literature_5JMSND8D,0.7943082
Literature_FYGWWQC3,Literature_8HYF9SXM,0.8361209
Literature_FYGWWQC3,Literature_9OOAEDOE,0.8289827
Literature_FYGWWQC3,Literature_AU5BHXTP,0.4337613
Literature_FYGWWQC3,Literature_F5E8II49,0.89933765
Literature_FYGWWQC3,Literature_H8RVHS1K,0.6362692
Literature_FYGWWQC3,Literature_HPCF07UQ,0.6360906
Literature_FYGWWQC3,Literature_I1LR3PE2,0.73915774
Literature_FYGWWQC3,Literature_K1EYY37Q,0.7354696
Literature_FYGWWQC3,Literature_L6GT6MJX,0.6255683
Literature_FYGWWQC3,Literature_MTZX272H,0.5495908
Literature_FYGWWQC3,Literature_NZDKYAYQ,0.6417123
Literature_FYGWWQC3,Literature_OUDOCUZR,0.7126614
Literature_FYGWWQC3,Literature_Q1ZXOI65,0.7941764
Literature_FYGWWQC3,Literature_REK8PK3Y,0.7589439
Literature_FYGWWQC3,Literature_SFOGYR3X,0.59010077
Literature_FYGWWQC3,Literature_T3UEA3GE,0.68783116
Literature_FYGWWQC3,Literature_UN5Z3JQI,0.7529484
Math_XSK28T7A,Math_0BLV0PRK,0.5679029
Math_XSK28T7A,Math_42QPR75P,0.7200722
Math_XSK28T7A,Math_4OM3WTOO,0.99159145
Math_XSK28T7A,Math_9TGIQHG9,0.7403909
Math_XSK28T7A,Math_AVIQK291,0.5736111
Math_XSK28T7A,Math_E00V830D,0.5785705
Math_XSK28T7A,Math_E30MY5ZP,0.66611123
Math_XSK28T7A,Math_G1OL73D9,0.5348178
Math_XSK28T7A,Math_I379U261,0.7881111
Math_XSK28T7A,Math_J8CX9J1I,0.54253614
Math_XSK28T7A,Math_LQCG1WU1,0.87426305
Math_XSK28T7A,Math_M0YLTZ9A,0.7176609
Math_XSK28T7A,Math_NPGW90JP,0.7909359
Math_XSK28T7A,Math_NVNQ65QD,0.7063646
Math_XSK28T7A,Math_RVU8FIJO,0.92998695
Math_XSK28T7A,Math_U322N64K,0.7474547
Math_XSK28T7A,Math_UHT6T0UZ,0.822392
Math_XSK28T7A,Math_VFPTOMJB,0.7339393
Math_XSK28T7A,Math_VRERW6Z8,0.71909964
Math_XSK28T7A,Math_YMQC1A78,0.5811199
Medicine_CVFJJ50Y,Medicine_0KX9K2PC,0.67053217
Medicine_CVFJJ50Y,Medicine_3E3R1UQK,0.6651801
Medicine_CVFJJ50Y,Medicine_3KEGH5OE,0.45607305
Medicine_CVFJJ50Y,Medicine_4T48OYY4,0.6558896
Medicine_CVFJJ50Y,Medicine_5YE8T582,0.6691959
Medicine_CVFJJ50Y,Medicine_8OAY4H8W,0.5204594
Medicine_CVFJJ50Y,Medicine_CJ5B4CPI,0.48058844
Medicine_CVFJJ50Y,Medicine_DNHHFIYL,0.6467306
Medicine_CVFJJ50Y,Medicine_FX8VF3SM,0.9236022
Medicine_CVFJJ50Y,Medicine_GW5F2MIC,0.56681347
Medicine_CVFJJ50Y,Medicine_H8IUNCLV,0.70313215
Medicine_CVFJJ50Y,Medicine_P2KNWDQH,0.97640675
Medicine_CVFJJ50Y,Medicine_QGCEEQ2B,0.59236944
Medicine_CVFJJ50Y,Medicine_S2YU7CG8,0.57653606
Medicine_CVFJJ50Y,Medicine_VCZHN738,0.6318545
Medicine_CVFJJ50Y,Medicine_VLU9AAEA,0.7727597
Medicine_CVFJJ50Y,Medicine_VRRGQZ3P,0.71705663
Medicine_CVFJJ50Y,Medicine_YRJVZA65,0.7800348
Medicine_CVFJJ50Y,Medicine_YYVDQQL2,0.6062536
Medicine_CVFJJ50Y,Medicine_ZL5GJ81N,0.80108434
Music_ABT3818Y,Music_25OW9Y1L,0.9655888
Music_ABT3818Y,Music_45BA890A,0.81314963
Music_ABT3818Y,Music_4NVTANMH,0.77705896
Music_ABT3818Y,Music_553KWKI8,0.40837276
Music_ABT3818Y,Music_5DWY7U00,0.78037906
Music_ABT3818Y,Music_653G4UNX,0.86099255
Music_ABT3818Y,Music_7QWRZFXZ,0.7280558
Music_ABT3818Y,Music_BPNEGC2D,0.6893332
Music_ABT3818Y,Music_CLUBNJZE,0.9158735
Music_ABT3818Y,Music_DA0IOEJA,0.77177614
Music_ABT3818Y,Music_FCFZYY94,0.6393906
Music_ABT3818Y,Music_FSPEFRJY,0.68578094
Music_ABT3818Y,Music_G7CON4RC,0.65672624
Music_ABT3818Y,Music_J3D90097,0.67658114
Music_ABT3818Y,Music_JMVOYP59,0.70733935
Music_ABT3818Y,Music_NVF2XF8M,0.67778856
Music_ABT3818Y,Music_OP3WJRMH,0.9629187
Music_ABT3818Y,Music_UUPTJ7O0,0.84231275
Music_ABT3818Y,Music_WDG1OEVZ,0.6131075
Music_ABT3818Y,Music_ZP9USY38,0.71301746
Mythology_8F1CBFNO,Mythology_1N8MTZX2,0.5916352
Mythology_8F1CBFNO,Mythology_4P40MGG1,0.7991226
Mythology_8F1CBFNO,Mythology_6B9M80O2,0.88983554
Mythology_8F1CBFNO,Mythology_9OUDOCUZ,0.7304584
Mythology_8F1CBFNO,Mythology_AU5BHXTP,0.749578
Mythology_8F1CBFNO,Mythology_C38HYF9S,0.95755875
Mythology_8F1CBFNO,Mythology_COSFOGYR,0.75577843
Mythology_8F1CBFNO,Mythology_DGDZVGPM,0.9078114
Mythology_8F1CBFNO,Mythology_DKYAYQ3S,0.70476633
Mythology_8F1CBFNO,Mythology_E29GD8AF,0.9379643
Mythology_8F1CBFNO,Mythology_ECVE6PR5,0.77560514
Mythology_8F1CBFNO,Mythology_EVB9OOAE,0.79762816
Mythology_8F1CBFNO,Mythology_F5E8II49,0.8377824
Mythology_8F1CBFNO,Mythology_K1EYY37Q,0.78887594
Mythology_8F1CBFNO,Mythology_L6GT6MJX,0.7202769
Mythology_8F1CBFNO,Mythology_Q1ZXOI65,0.70216525
Mythology_8F1CBFNO,Mythology_RJNVGFYG,0.7723341
Mythology_8F1CBFNO,Mythology_RVHS1K3A,0.71130717
Mythology_8F1CBFNO,Mythology_UN5Z3JQI,0.9361587
Mythology_8F1CBFNO,Mythology_XWNREK8P,0.8871902
Performing-Arts_EW6GSTFS,Performing-Arts_1KAUPO1R,0.5533786
Performing-Arts_EW6GSTFS,Performing-Arts_2YZB4K8O,0.9398806
Performing-Arts_EW6GSTFS,Performing-Arts_32WT59GL,0.6544788
Performing-Arts_EW6GSTFS,Performing-Arts_5VWIPGSE,0.8397816
Performing-Arts_EW6GSTFS,Performing-Arts_6QKV3EOY,0.61332244
Performing-Arts_EW6GSTFS,Performing-Arts_6RNJLKXH,0.53512007
Performing-Arts_EW6GSTFS,Performing-Arts_760JGL4C,0.67949235
Performing-Arts_EW6GSTFS,Performing-Arts_8A170XC7,0.49478966
Performing-Arts_EW6GSTFS,Performing-Arts_9FTNWN06,0.6847285
Performing-Arts_EW6GSTFS,Performing-Arts_BSFN244K,0.8561685
Performing-Arts_EW6GSTFS,Performing-Arts_H444NK0B,0.6982603
Performing-Arts_EW6GSTFS,Performing-Arts_HLD939ES,0.49690282
Performing-Arts_EW6GSTFS,Performing-Arts_I2KLJ4WC,0.59307516
Performing-Arts_EW6GSTFS,Performing-Arts_KI6CJDKQ,0.7244104
Performing-Arts_EW6GSTFS,Performing-Arts_NC9Q884J,0.41009772
Performing-Arts_EW6GSTFS,Performing-Arts_QXOCN7XY,0.6488601
Performing-Arts_EW6GSTFS,Performing-Arts_RQ8LYYXE,0.6484457
Performing-Arts_EW6GSTFS,Performing-Arts_SI366FZX,0.66801846
Performing-Arts_EW6GSTFS,Performing-Arts_TXA99JHC,0.5426572
Performing-Arts_EW6GSTFS,Performing-Arts_ZWW54A6I,0.9097513
Philosophy_SK28T7A9,Philosophy_00V830DN,0.60866016
Philosophy_SK28T7A9,Philosophy_0YLTZ9AT,0.47487846
Philosophy_SK28T7A9,Philosophy_19AHEJ8C,0.87225723
Philosophy_SK28T7A9,Philosophy_5OR15BYV,0.5702108
Philosophy_SK28T7A9,Philosophy_65QDF1RC,0.48507422
Philosophy_SK28T7A9,Philosophy_6Z8VBHQL,0.67732954
Philosophy_SK28T7A9,Philosophy_BLV0PRKG,0.8940295
Philosophy_SK28T7A9,Philosophy_C1A78MX1,0.7927059
Philosophy_SK28T7A9,Philosophy_CG1WU16H,0.5061623
Philosophy_SK28T7A9,Philosophy_E30MY5ZP,0.9357529
Philosophy_SK28T7A9,Philosophy_K3I8BZBF,0.55490816
Philosophy_SK28T7A9,Philosophy_L73D9PH3,0.49488026
Philosophy_SK28T7A9,Philosophy_R75PR2ES,0.5358372
Philosophy_SK28T7A9,Philosophy_TGIQHG9J,0.84776604
Philosophy_SK28T7A9,Philosophy_U26192K4,0.53521246
Philosophy_SK28T7A9,Philosophy_UHT6T0UZ,0.83088857
Philosophy_SK28T7A9,Philosophy_VFPTOMJB,0.56173414
Philosophy_SK28T7A9,Philosophy_WNPGW90J,0.6450929
Philosophy_SK28T7A9,Philosophy_WTOOBMZV,0.6901946
Philosophy_SK28T7A9,Philosophy_Y4AWTY08,0.7554434
Photography_K5SILU2D,Photography_025KFBOS,0.7355751
Photography_K5SILU2D,Photography_1KINNDW8,0.6688774
Photography_K5SILU2D,Photography_2NFGIHYW,0.7088394
Photography_K5SILU2D,Photography_35UAF3WE,0.7287134
Photography_K5SILU2D,Photography_3FG6IZED,0.6637025
Photography_K5SILU2D,Photography_596HHR8X,0.96308076
Photography_K5SILU2D,Photography_DTLHAIAK,0.65799385
Photography_K5SILU2D,Photography_G3BHK23A,0.6205009
Photography_K5SILU2D,Photography_IIPJUPZ5,0.6837607
Photography_K5SILU2D,Photography_JA0BO8WA,0.7034255
Photography_K5SILU2D,Photography_JE7AK2WN,0.92116797
Photography_K5SILU2D,Photography_JLC90OUP,0.7156423
Photography_K5SILU2D,Photography_N5RUSV9I,0.8166667
Photography_K5SILU2D,Photography_QGHO6ACA,0.7712507
Photography_K5SILU2D,Photography_QKXIRHBV,0.7809479
Photography_K5SILU2D,Photography_TGN7P05D,0.71844447
Photography_K5SILU2D,Photography_VH1I4EOY,0.7244246
Photography_K5SILU2D,Photography_WA5IMY96,0.890961
Photography_K5SILU2D,Photography_XQFXKDZT,0.7022183
Photography_K5SILU2D,Photography_ZSDP5YHP,0.7186556
Poetry_NO6B9M80,Poetry_5BHXTPDP,0.8014444
Poetry_NO6B9M80,Poetry_5N8I4P40,0.92922014
Poetry_NO6B9M80,Poetry_8II49KQ7,0.62953615
Poetry_NO6B9M80,Poetry_AFPK054N,0.6080682
Poetry_NO6B9M80,Poetry_AYQ3S195,0.8334336
Poetry_NO6B9M80,Poetry_D8DUDD46,0.5990278
Poetry_NO6B9M80,Poetry_DGDZVGPM,0.69289434
Poetry_NO6B9M80,Poetry_GT6MJXK8,0.66744256
Poetry_NO6B9M80,Poetry_H8RVHS1K,0.9024814
Poetry_NO6B9M80,Poetry_JK1EYY37,0.6420154
Poetry_NO6B9M80,Poetry_LR3PE29G,0.9292616
Poetry_NO6B9M80,Poetry_MTZX272H,0.8086498
Poetry_NO6B9M80,Poetry_NUN5Z3JQ,0.58705187
Poetry_NO6B9M80,Poetry_O2RAK1VR,0.787754
Poetry_NO6B9M80,Poetry_OAEDOECV,0.49035352
Poetry_NO6B9M80,Poetry_Q1ZXOI65,0.76928294
Poetry_NO6B9M80,Poetry_QC38HYF9,0.77838933
Poetry_NO6B9M80,Poetry_XKXWNREK,0.63501894
Poetry_NO6B9M80,Poetry_XMECOSFO,0.7209656
Poetry_NO6B9M80,Poetry_YR9OUDOC,0.78449196
Politics_XXYCJ2XX,Politics_2EI7XZUR,0.9148179
Politics_XXYCJ2XX,Politics_3HR2PJGD,0.71143126
Politics_XXYCJ2XX,Politics_473J6IUU,0.6417686
Politics_XXYCJ2XX,Politics_5MHIE2L2,0.6319679
Politics_XXYCJ2XX,Politics_629RHIGZ,0.49541646
Politics_XXYCJ2XX,Politics_63PNWDDS,0.5950893
Politics_XXYCJ2XX,Politics_700EIUE2,0.5682011
Politics_XXYCJ2XX,Politics_9LI16DH7,0.9592431
Politics_XXYCJ2XX,Politics_9XJM6Z6C,0.6129934
Politics_XXYCJ2XX,Politics_FCQN0B58,0.6033994
Politics_XXYCJ2XX,Politics_IP5BX9X3,0.62149453
Politics_XXYCJ2XX,Politics_L57Y9HQQ,0.6251701
Politics_XXYCJ2XX,Politics_PZT3EDK2,0.67739546
Politics_XXYCJ2XX,Politics_T8F6KJKV,0.6516172
Politics_XXYCJ2XX,Politics_TV6685T4,0.7282396
Politics_XXYCJ2XX,Politics_UOW7SFQM,0.5592449
Politics_XXYCJ2XX,Politics_UUMK5635,0.6228709
Politics_XXYCJ2XX,Politics_VJUUWZIX,0.60424745
Politics_XXYCJ2XX,Politics_WE98STKL,0.5265479
Politics_XXYCJ2XX,Politics_XZXCZD9M,0.5421804
Psychology_NO6B9M80,Psychology_3PE29GD8,0.9686046
Psychology_NO6B9M80,Psychology_5BHXTPDP,0.74551713
Psychology_NO6B9M80,Psychology_5N8I4P40,0.5894821
Psychology_NO6B9M80,Psychology_72HPOEVB,0.97562945
Psychology_NO6B9M80,Psychology_7KD6FLEE,0.50697637
Psychology_NO6B9M80,Psychology_8RVHS1K3,0.5671
Psychology_NO6B9M80,Psychology_DZVGPMM8,0.27468604
Psychology_NO6B9M80,Psychology_EPXSK28T,0.48891234
Psychology_NO6B9M80,Psychology_F9SXMECO,0.44422728
Psychology_NO6B9M80,Psychology_GT6MJXK8,0.5680153
Psychology_NO6B9M80,Psychology_GYR3XKXW,0.88244927
Psychology_NO6B9M80,Psychology_HJK1EYY3,0.380633
Psychology_NO6B9M80,Psychology_HPCF07UQ,0.43045866
Psychology_NO6B9M80,Psychology_KQ71N8MT,0.51281714
Psychology_NO6B9M80,Psychology_MSND8DUD,0.516209
Psychology_NO6B9M80,Psychology_O2RAK1VR,0.87176836
Psychology_NO6B9M80,Psychology_OAEDOECV,0.54193294
Psychology_NO6B9M80,Psychology_PK3YR9OU,0.44198895
Psychology_NO6B9M80,Psychology_UEA3GE8N,0.95873654
Psychology_NO6B9M80,Psychology_UZRENUN5,0.8364125
Religion_8F1CBFNO,Religion_07UQNUPQ,0.8563805
Religion_8F1CBFNO,Religion_1ZXOI65F,0.22976287
Religion_8F1CBFNO,Religion_37Q9AH8R,0.66069454
Religion_8F1CBFNO,Religion_3UEA3GE8,0.72171277
Religion_8F1CBFNO,Religion_5JMSND8D,0.7873433
Religion_8F1CBFNO,Religion_6B9M80O2,0.8743324
Religion_8F1CBFNO,Religion_8I4P40MG,0.8288342
Religion_8F1CBFNO,Religion_8II49KQ7,0.9403876
Religion_8F1CBFNO,Religion_BHXTPDPF,0.771376
Religion_8F1CBFNO,Religion_DKYAYQ3S,0.73180854
Religion_8F1CBFNO,Religion_E29GD8AF,0.8889784
Religion_8F1CBFNO,Religion_EDOECVE6,0.717204
Religion_8F1CBFNO,Religion_GPMM82I1,0.6785507
Religion_8F1CBFNO,Religion_K3AQ6L6G,0.46554396
Religion_8F1CBFNO,Religion_KD6FLEEP,0.85320556
Religion_8F1CBFNO,Religion_UN5Z3JQI,0.70515406
Religion_8F1CBFNO,Religion_WWQC38HY,0.7336105
Religion_8F1CBFNO,Religion_XKXWNREK,0.72594696
Religion_8F1CBFNO,Religion_XMECOSFO,0.74020255
Religion_8F1CBFNO,Religion_YR9OUDOC,0.60687304
Science_DNR9IS25,Science_0J0G50RC,0.74844396
Science_DNR9IS25,Science_3HJ5S6R0,0.22454254
Science_DNR9IS25,Science_5HGP8IY3,0.79160786
Science_DNR9IS25,Science_73AJ0JE4,0.8370273
Science_DNR9IS25,Science_8Y3UMPYO,0.9224477
Science_DNR9IS25,Science_9JYM6IER,0.84437126
Science_DNR9IS25,Science_A3S8KE2W,0.8369876
Science_DNR9IS25,Science_B9UOE3T0,0.6861894
Science_DNR9IS25,Science_FV8YU58C,0.68510413
Science_DNR9IS25,Science_G2KTBCUD,0.8661181
Science_DNR9IS25,Science_HBPKT9A9,0.95645857
Science_DNR9IS25,Science_KLFYP5JO,0.745078
Science_DNR9IS25,Science_OMQIGCT2,0.75272256
Science_DNR9IS25,Science_Q3TMY4GP,0.6930176
Science_DNR9IS25,Science_Q8H3XQYX,0.73572695
Science_DNR9IS25,Science_RAST5J28,0.7104001
Science_DNR9IS25,Science_SBZRAD5S,0.80594325
Science_DNR9IS25,Science_SU0LMI8X,0.91000915
Science_DNR9IS25,Science_SVH3EJOZ,0.81852394
Science_DNR9IS25,Science_YYJ5CI6V,0.52804935
Sociology_GIQHG9JR,Sociology_0YBY4AWT,0.8050914
Sociology_GIQHG9JR,Sociology_92K42QPR,0.8561991
Sociology_GIQHG9JR,Sociology_BCP4E30M,0.803525
Sociology_GIQHG9JR,Sociology_H3I379U2,0.7321983
Sociology_GIQHG9JR,Sociology_HEJ8CX9J,0.33475304
Sociology_GIQHG9JR,Sociology_KFS6VFPT,0.9856619
Sociology_GIQHG9JR,Sociology_KL0BLV0P,0.98857033
Sociology_GIQHG9JR,Sociology_PJAG1OL7,0.6873507
Sociology_GIQHG9JR,Sociology_QLQCG1WU,0.78447676
Sociology_GIQHG9JR,Sociology_R2ESPRVU,0.7597228
Sociology_GIQHG9JR,Sociology_RCAVIQK2,0.75337017
Sociology_GIQHG9JR,Sociology_S9IM0YLT,0.70386994
Sociology_GIQHG9JR,Sociology_SNVNQ65Q,0.918027
Sociology_GIQHG9JR,Sociology_TSN1U322,0.81453264
Sociology_GIQHG9JR,Sociology_VRERW6Z8,0.9851839
Sociology_GIQHG9JR,Sociology_X1EVUHT6,0.80764407
Sociology_GIQHG9JR,Sociology_XCWNPGW9,0.76255107
Sociology_GIQHG9JR,Sociology_YC4OM3WT,0.6921747
Sociology_GIQHG9JR,Sociology_YJNE00V8,0.97068566
Sociology_GIQHG9JR,Sociology_YMQC1A78,0.95259035
Sports_IFL12996,Sports_08CX8FGP,0.782251
Sports_IFL12996,Sports_0FHJWTV3,0.67332625
Sports_IFL12996,Sports_0GBFW9FU,0.74581075
Sports_IFL12996,Sports_1L58L9K5,0.8965398
Sports_IFL12996,Sports_1ZBM21YA,0.8524054
Sports_IFL12996,Sports_2DWA5IMY,0.59329325
Sports_IFL12996,Sports_9B3N2SE0,0.778355
Sports_IFL12996,Sports_CZV1GAGQ,0.61597294
Sports_IFL12996,Sports_EG8LXUM3,0.713025
Sports_IFL12996,Sports_G22UETCH,0.7574824
Sports_IFL12996,Sports_JEK1R0T4,0.57891536
Sports_IFL12996,Sports_KP7L9KV9,0.62956
Sports_IFL12996,Sports_M3GITAZV,0.6399754
Sports_IFL12996,Sports_O2XZ36JW,0.8101995
Sports_IFL12996,Sports_PQJ1YE24,0.5936588
Sports_IFL12996,Sports_PTHLXJ6Y,0.5021914
Sports_IFL12996,Sports_PUYRZXHM,0.5687002
Sports_IFL12996,Sports_V1ITUM4U,0.73968273
Sports_IFL12996,Sports_YF9P7KYK,0.6918992
Sports_IFL12996,Sports_ZHWW3LTF,0.7232976
Technology_3FNBDVPI,Technology_2EFUJEIR,0.60950565
Technology_3FNBDVPI,Technology_6MWWJPGJ,0.6108937
Technology_3FNBDVPI,Technology_7FZTVOVK,0.61228985
Technology_3FNBDVPI,Technology_DSTWG6NJ,0.473266
Technology_3FNBDVPI,Technology_I8QLHBIA,0.57841766
Technology_3FNBDVPI,Technology_I9D99VH0,0.61035156
Technology_3FNBDVPI,Technology_JEL532UU,0.59601307
Technology_3FNBDVPI,Technology_NE9NNOVJ,0.4901616
Technology_3FNBDVPI,Technology_OC7T3BD4,0.53594756
Technology_3FNBDVPI,Technology_RBLRTVWA,0.78006005
Technology_3FNBDVPI,Technology_RN6HW1HS,0.556214
Technology_3FNBDVPI,Technology_SUHA51LI,0.4585571
Technology_3FNBDVPI,Technology_TCOZDANT,0.49245018
Technology_3FNBDVPI,Technology_TUFDJKDF,0.37967306
Technology_3FNBDVPI,Technology_UBLQDI07,0.7796604
Technology_3FNBDVPI,Technology_UY7S361G,0.59685826
Technology_3FNBDVPI,Technology_V3Z0GU1U,0.69181526
Technology_3FNBDVPI,Technology_W9XHRO19,0.6398432
Technology_3FNBDVPI,Technology_ZC1B3EU1,0.33433214
Technology_3FNBDVPI,Technology_ZEJBF7NY,0.6321812
Veterinary-Medicine_V4B1K1KD,Veterinary-Medicine_2L49WWKQ,0.50629354
Veterinary-Medicine_V4B1K1KD,Veterinary-Medicine_45QF8YLX,0.4906075
Veterinary-Medicine_V4B1K1KD,Veterinary-Medicine_4CLRZJZC,0.4988528
Veterinary-Medicine_V4B1K1KD,Veterinary-Medicine_57XD6KET,0.63622445
Veterinary-Medicine_V4B1K1KD,Veterinary-Medicine_7BLMMDPC,0.4420349
Veterinary-Medicine_V4B1K1KD,Veterinary-Medicine_7JH2LKNM,0.57183695
Veterinary-Medicine_V4B1K1KD,Veterinary-Medicine_95JDXA1F,0.5089786
Veterinary-Medicine_V4B1K1KD,Veterinary-Medicine_9UR73A70,0.429587
Veterinary-Medicine_V4B1K1KD,Veterinary-Medicine_GGGS8W0Q,0.4734161
Veterinary-Medicine_V4B1K1KD,Veterinary-Medicine_GVNM098Q,0.9698278
Veterinary-Medicine_V4B1K1KD,Veterinary-Medicine_IT2UR0FM,0.4595332
Veterinary-Medicine_V4B1K1KD,Veterinary-Medicine_LAOQTR1Y,0.5506307
Veterinary-Medicine_V4B1K1KD,Veterinary-Medicine_MGBNKSF4,0.843962
Veterinary-Medicine_V4B1K1KD,Veterinary-Medicine_MRX36ZHB,0.6870856
Veterinary-Medicine_V4B1K1KD,Veterinary-Medicine_NOONR06B,0.84654164
Veterinary-Medicine_V4B1K1KD,Veterinary-Medicine_O9DY7084,0.61579025
Veterinary-Medicine_V4B1K1KD,Veterinary-Medicine_PD4RXBVT,0.56398207
Veterinary-Medicine_V4B1K1KD,Veterinary-Medicine_Q23QORDJ,0.56345034
Veterinary-Medicine_V4B1K1KD,Veterinary-Medicine_T7ZGA6X9,0.4984826
Veterinary-Medicine_V4B1K1KD,Veterinary-Medicine_TG4EVRUR,0.49042642
Veterinary-Science_YP1NJGLN,Veterinary-Science_24IQLUSM,0.53958774
Veterinary-Science_YP1NJGLN,Veterinary-Science_2PX3FA4I,0.6430727
Veterinary-Science_YP1NJGLN,Veterinary-Science_2W9535HJ,0.7948053
Veterinary-Science_YP1NJGLN,Veterinary-Science_35HONMRS,0.90990186
Veterinary-Science_YP1NJGLN,Veterinary-Science_CAQ6YTZX,0.56053907
Veterinary-Science_YP1NJGLN,Veterinary-Science_CLQK65V3,0.5207443
Veterinary-Science_YP1NJGLN,Veterinary-Science_DZ1QJFXK,0.47032493
Veterinary-Science_YP1NJGLN,Veterinary-Science_EW09U3BD,0.4303828
Veterinary-Science_YP1NJGLN,Veterinary-Science_H8P2YAZQ,0.47354174
Veterinary-Science_YP1NJGLN,Veterinary-Science_IAZMTUFH,0.41499627
Veterinary-Science_YP1NJGLN,Veterinary-Science_JQHUCI5R,0.56220067
Veterinary-Science_YP1NJGLN,Veterinary-Science_NA7L0EP5,0.63517743
Veterinary-Science_YP1NJGLN,Veterinary-Science_NK2U0CRF,0.6273154
Veterinary-Science_YP1NJGLN,Veterinary-Science_NSM0L0JB,0.5841533
Veterinary-Science_YP1NJGLN,Veterinary-Science_OLC4QK31,0.5484747
Veterinary-Science_YP1NJGLN,Veterinary-Science_QEG9DDVP,0.54145485
Veterinary-Science_YP1NJGLN,Veterinary-Science_R20QD58X,0.96875596
Veterinary-Science_YP1NJGLN,Veterinary-Science_UINDSUDE,0.545522
Veterinary-Science_YP1NJGLN,Veterinary-Science_XGUJBF34,0.5814855
Veterinary-Science_YP1NJGLN,Veterinary-Science_YOBB9OF3,0.6438455
World-Geography_NO6B9M80,World-Geography_103DGDZV,0.7832847
World-Geography_NO6B9M80,World-Geography_467KD6FL,0.6206781
World-Geography_NO6B9M80,World-Geography_5JMSND8D,0.5949569
World-Geography_NO6B9M80,World-Geography_5N8I4P40,0.46240813
World-Geography_NO6B9M80,World-Geography_8CX9J1IC,0.57840574
World-Geography_NO6B9M80,World-Geography_98Q1ZXOI,0.5334702
World-Geography_NO6B9M80,World-Geography_CUZRENUN,0.8399769
World-Geography_NO6B9M80,World-Geography_F9SXMECO,0.5593374
World-Geography_NO6B9M80,World-Geography_FF5E8II4,0.47411188
World-Geography_NO6B9M80,World-Geography_GYR3XKXW,0.91557026
World-Geography_NO6B9M80,World-Geography_HJK1EYY3,0.7811255
World-Geography_NO6B9M80,World-Geography_HPCF07UQ,0.71995354
World-Geography_NO6B9M80,World-Geography_IQK2919A,0.7585458
World-Geography_NO6B9M80,World-Geography_K8PK3YR9,0.43406528
World-Geography_NO6B9M80,World-Geography_KYAYQ3S1,0.6004285
World-Geography_NO6B9M80,World-Geography_MTZX272H,0.6914221
World-Geography_NO6B9M80,World-Geography_NQ65QDF1,0.53989875
World-Geography_NO6B9M80,World-Geography_O2RAK1VR,0.8470969
World-Geography_NO6B9M80,World-Geography_T6MJXK87,0.7529272
World-Geography_NO6B9M80,World-Geography_VHS1K3AQ,0.56242955
World-History_GW90JPKL,World-History_0BLV0PRK,0.8735262
World-History_GW90JPKL,World-History_0YLTZ9AT,0.7214456
World-History_GW90JPKL,World-History_30DN0YBY,0.5911633
World-History_GW90JPKL,World-History_4OM3WTOO,0.74390274
World-History_GW90JPKL,World-History_73D9PH3I,0.7703561
World-History_GW90JPKL,World-History_8FIJOYJN,0.66105
World-History_GW90JPKL,World-History_E30MY5ZP,0.7057792
World-History_GW90JPKL,World-History_F1I3LDQY,0.6136466
World-History_GW90JPKL,World-History_LQCG1WU1,0.64833105
World-History_GW90JPKL,World-History_MQC1A78M,0.9361534
World-History_GW90JPKL,World-History_OECBPMBJ,0.7642343
World-History_GW90JPKL,World-History_R75PR2ES,0.7470249
World-History_GW90JPKL,World-History_RERW6Z8V,0.73916674
World-History_GW90JPKL,World-History_TY088O5O,0.63795763
World-History_GW90JPKL,World-History_U26192K4,0.7633187
World-History_GW90JPKL,World-History_U322N64K,0.66938925
World-History_GW90JPKL,World-History_UHT6T0UZ,0.56488526
World-History_GW90JPKL,World-History_VFPTOMJB,0.82075083
World-History_GW90JPKL,World-History_VZK3I8BZ,0.698953
World-History_GW90JPKL,World-History_YR0QF4B8,0.7782232
